{
  "data": {
    "rows": [
      {
        "id": "creator_hasan_docs",
        "bio": null,
        "name": "hasan.docs",
        "category": null,
        "location": null,
        "platform": "tiktok",
        "username": "hasan.docs",
        "verified": null,
        "followers": null,
        "is_active": null,
        "languages": null,
        "avatar_url": null,
        "created_at": "2025-09-21T13:12:53.765929+00:00",
        "scraped_at": null,
        "updated_at": "2025-09-21T13:12:53.765929+00:00",
        "match_score": null,
        "match_reason": null,
        "recent_posts": null,
        "contact_email": null,
        "platform_data": "{\"uid\": \"7273239175243531307\", \"unique_id\": \"hasan.docs\", \"nickname\": \"Hasan\", \"signature\": \"Documenting things\", \"follower_count\": 8077, \"following_count\": 5, \"total_favorited\": 0, \"aweme_count\": 0, \"region\": \"US\", \"birthday\": \"1900-01-01\", \"verification_type\": 1, \"is_verified\": true, \"avatar_url\": \"https://p16-sign-va.tiktokcdn.com/tos-maliva-avt-0068/778662af9dcae30a90bc8ec8658bfa02~tplv-tiktokx-cropcenter-q:1080:1080:q70.webp?dr=9608&idc=no1a&ps=87d6e48a&refresh_token=82719ec1&s=SEARCH&sc=avatar&shcp=c1333099&shp=d05b14bd&t=223449c4&x-expires=1758546000&x-signature=tWgtD0UHAgJxtdlK%2Bijq3FloWx4%3D\", \"videos\": {\"count\": 10, \"videos\": [{\"aweme_id\": \"7512343027428494609\", \"desc\": \"The Grill – Your Go-To for Burgers in Tripoli! 🔥 Serving the biggest and juiciest burgers in town – one bite and you're hooked! 😍 📍 Find us at: Dam Wel Farez, behind Kaser El Adel 📲 WhatsApp: 79 317 932 #TheGrill #BurgerInTripoli\", \"create_time\": 1749103716, \"video_duration\": 5334, \"like_count\": 22, \"comment_count\": 0, \"share_count\": 1, \"play_count\": 2293, \"collect_count\": 0, \"author_uid\": \"6996225139806487553\", \"author_unique_id\": \"thegrill.lb\", \"video_url\": \"https://v15m.tiktokcdn-eu.com/012cff1343d0adf3378a225f43c15da9/68d14b1c/video/tos/alisg/tos-alisg-pve-0037/osGBpqDfK0inRoAyAtBBqoiJKGdIwAxI7sNOEB/?a=1233&bti=M0BzMzU8OGYpNzo5Zi5wIzEuLjpkNDQwOg%3D%3D&ch=0&cr=13&dr=0&er=0&lr=all&net=0&cd=0%7C0%7C0%7C&cv=1&br=1194&bt=597&cs=0&ds=6&ft=XsFbEqT0mI2PD12fIAJT3wUZnc2SjeF~O5&mime_type=video_mp4&qs=4&rc=PDo3aGRkaTg6PDgzM2k3NkBpajRwdGs5cm9tNDMzODgzNEAzYWBfLTU0XzMxX2A0YV4vYSMuaGFxMmRjNS1hLS1kLy1zcw%3D%3D&vvpl=1&l=20250921131150EBF1EDBF7BA4B40E3A1F&btag=e000b0000\", \"cover_url\": \"https://p16-sign-sg.tiktokcdn.com/tos-alisg-p-0037/ogNxBi7BiINEw9IqJBfoDsqAKopD0BotAB8GA6~tplv-tiktokx-cropcenter-comet-q:300:400:q72.jpeg?dr=12266&refresh_token=4b3f3214&x-expires=1758546000&x-signature=ltKJVWPlczSFGQTzIIBrArvDEE0%3D&t=bacd0480&ps=933b5bde&shp=d05b14bd&shcp=132edbea&idc=no1a&sc=cover&biz_tag=tt_video&s=PUBLISH\", \"music_title\": \"original sound - thegrill.lb\", \"music_author\": \"THE GRILL\"}, {\"aweme_id\": \"7512342921996143889\", \"desc\": \"👾 Burger vs. Wedges – Like Pac-Man, But Tastier! Our burger doesn’t play games... it devours every bite 🍟💥 📍 Find us at: Dam Wel Farez, behind Kaser El Adel 📲 WhatsApp: 79 317 932\", \"create_time\": 1749103684, \"video_duration\": 12423, \"like_count\": 16, \"comment_count\": 0, \"share_count\": 0, \"play_count\": 1036, \"collect_count\": 1, \"author_uid\": \"6996225139806487553\", \"author_unique_id\": \"thegrill.lb\", \"video_url\": \"https://v15m.tiktokcdn-eu.com/37d1170ea402986559bc690daf5c1c53/68d14b23/video/tos/alisg/tos-alisg-pve-0037/oQ9DhEG1LCWdgNBFjrWaACfEpcWIEgQeAQmeHI/?a=1233&bti=M0BzMzU8OGYpNzo5Zi5wIzEuLjpkNDQwOg%3D%3D&ch=0&cr=13&dr=0&er=0&lr=all&net=0&cd=0%7C0%7C0%7C&cv=1&br=3378&bt=1689&cs=0&ds=6&ft=XsFbEqT0mI2PD12fIAJT3wUZnc2SjeF~O5&mime_type=video_mp4&qs=4&rc=Zjc0NmY8ODtmODs5NGc7ZkBpM3BnOnE5cmVtNDMzODgzNEBhLjQ0X2MzX2ExY18wNS5iYSNhcm0yMmRrNS1hLS1kLy1zcw%3D%3D&vvpl=1&l=20250921131150EBF1EDBF7BA4B40E3A1F&btag=e000b0000\", \"cover_url\": \"https://p16-sign-sg.tiktokcdn.com/tos-alisg-p-0037/okpWEvBIrgeefhpaNAFmKIQgEApQWcG0KdEDLC~tplv-tiktokx-cropcenter-comet-q:300:400:q72.jpeg?dr=12266&refresh_token=b5f7e0da&x-expires=1758546000&x-signature=HElAKpM9N2e0tY2VWyiTtNYChJQ%3D&t=bacd0480&ps=933b5bde&shp=d05b14bd&shcp=132edbea&idc=no1a&biz_tag=tt_video&s=PUBLISH&sc=cover\", \"music_title\": \"original sound - thegrill.lb\", \"music_author\": \"THE GRILL\"}, {\"aweme_id\": \"7511719351410527493\", \"desc\": \"🍔 We’re proud to be the #1 go-to burger spot in Tripoli, Lebanon! 🔥 Juicy, crispy, and loaded with flavor — that’s The Grill difference. 📍 Dam Wel Farez, behind Kasr El Adel 📲 Order now on WhatsApp: 79 317 932\", \"create_time\": 1748958457, \"video_duration\": 8834, \"like_count\": 48, \"comment_count\": 0, \"share_count\": 0, \"play_count\": 1115, \"collect_count\": 1, \"author_uid\": \"6996225139806487553\", \"author_unique_id\": \"thegrill.lb\", \"video_url\": \"https://v15m.tiktokcdn-eu.com/5ccd3d1cb37be32fb23f3a58719f6561/68d14b1f/video/tos/useast2a/tos-useast2a-ve-0068c001/oYBPJQuID8ozvBfmQEfQAANF3F19UoBCp90VE9/?a=1233&bti=M0BzMzU8OGYpNzo5Zi5wIzEuLjpkNDQwOg%3D%3D&ch=0&cr=13&dr=0&er=0&lr=all&net=0&cd=0%7C0%7C0%7C&cv=1&br=770&bt=385&cs=0&ds=6&ft=XsFbEqT0mI2PD12fIAJT3wUZnc2SjeF~O5&mime_type=video_mp4&qs=4&rc=NDw5OWQ0Nzk8ZGhoODg5O0BpM21zaXg5cnVpMzMzNzgzM0BhMDRhMWA0NmAxLzJhLzJjYSNha2txMmRrbXNhLS1kLzZzcw%3D%3D&vvpl=1&l=20250921131150EBF1EDBF7BA4B40E3A1F&btag=e000b0000\", \"cover_url\": \"https://p16-sign-va.tiktokcdn.com/tos-maliva-p-0068/oIBGvQhu99oA03Qf95EwBFPCVBPD1QzJ8Qfx3m~tplv-tiktokx-cropcenter-q:300:400:q72.jpeg?dr=9232&refresh_token=fd507b17&x-expires=1758546000&x-signature=sRtO1YjORaPv4srwbrdQ4Ch5ud4%3D&t=bacd0480&ps=933b5bde&shp=d05b14bd&shcp=132edbea&idc=no1a&biz_tag=tt_video&s=PUBLISH&sc=cover\", \"music_title\": \"original sound - thegrill.lb\", \"music_author\": \"THE GRILL\"}, {\"aweme_id\": \"7509870820202794260\", \"desc\": \"😊 At The Grill, every bite brings a moment of happiness! 🍔🔥 Good food, great vibes — it’s the taste of Tripoli, Lebanon. 📍 Dam Wel Farez, behind Kasr El Adel WhatsApp us: 79 317 932\", \"create_time\": 1748528063, \"video_duration\": 10567, \"like_count\": 52, \"comment_count\": 4, \"share_count\": 3, \"play_count\": 1154, \"collect_count\": 5, \"author_uid\": \"6996225139806487553\", \"author_unique_id\": \"thegrill.lb\", \"video_url\": \"https://v15m.tiktokcdn-eu.com/fd149015a046f39e5d3ec484453e9b3e/68d14b21/video/tos/alisg/tos-alisg-pve-0037/oYyV4OE0eBd7l4c8CTuNaZgIDfAXFBQEjBAoGE/?a=1233&bti=M0BzMzU8OGYpNzo5Zi5wIzEuLjpkNDQwOg%3D%3D&ch=0&cr=13&dr=0&er=0&lr=all&net=0&cd=0%7C0%7C0%7C&cv=1&br=1570&bt=785&cs=0&ds=6&ft=XsFbEqT0mI2PD12fIAJT3wUZnc2SjeF~O5&mime_type=video_mp4&qs=4&rc=PGZlNGZmZzQ2ZTs8ZTszOEBpMzd0ZHY5cjY5MzMzODgzNEAyLV41YjEzX2IxNC82YWFjYSNtM2M0MmRja3BhLS1kL2Bzcw%3D%3D&vvpl=1&l=20250921131150EBF1EDBF7BA4B40E3A1F&btag=e000b0000\", \"cover_url\": \"https://p16-sign-sg.tiktokcdn.com/tos-alisg-p-0037/ooIAAAhPrAAi6UAlauhvDB24aniE07AYyA9j7~tplv-tiktokx-cropcenter-comet-q:300:400:q72.jpeg?dr=12266&refresh_token=96e3c7ca&x-expires=1758546000&x-signature=8PwFXR8lVItQVmUElNEoM5oiSeM%3D&t=bacd0480&ps=933b5bde&shp=d05b14bd&shcp=132edbea&idc=no1a&sc=cover&biz_tag=tt_video&s=PUBLISH\", \"music_title\": \"original sound - thegrill.lb\", \"music_author\": \"THE GRILL\"}, {\"aweme_id\": \"7509083793580395784\", \"desc\": \"🍗 Open Wings Every Thursday – Just $10! All-you-can-eat wings, served with crispy fries and 1 drink 🥤🔥 The best wing deal in Tripoli, Lebanon – only at The Grill! 📍 Dam Wel Farez, behind Kasr El Adel 📲 Reserve now on WhatsApp: 79 317 932 #WingsTripoli #TripoliLebanonFood #TheGrillTripoli\", \"create_time\": 1748344818, \"video_duration\": 10767, \"like_count\": 35, \"comment_count\": 0, \"share_count\": 6, \"play_count\": 2002, \"collect_count\": 3, \"author_uid\": \"6996225139806487553\", \"author_unique_id\": \"thegrill.lb\", \"video_url\": \"https://v15m.tiktokcdn-eu.com/58b8e8e82bf3d13ec6dc8322ca0fbc5c/68d14b21/video/tos/alisg/tos-alisg-pve-0037/ogAGzegIrmeGJFBPA5QfneIOLJAWRc1wnwERWQ/?a=1233&bti=M0BzMzU8OGYpNzo5Zi5wIzEuLjpkNDQwOg%3D%3D&ch=0&cr=13&dr=0&er=0&lr=all&net=0&cd=0%7C0%7C0%7C&cv=1&br=1348&bt=674&cs=0&ds=6&ft=XsFbEqT0mI2PD12fIAJT3wUZnc2SjeF~O5&mime_type=video_mp4&qs=4&rc=NDZlOzc0PDUzZGg6ZDo8Z0BpM2k0OXY5cnFzMzMzODgzNEAuYzJiNTFeX14xMmNfMDAuYSNgL2AvMmQ0c25hLS1kLzFzcw%3D%3D&vvpl=1&l=20250921131150EBF1EDBF7BA4B40E3A1F&btag=e000b0000\", \"cover_url\": \"https://p16-sign-sg.tiktokcdn.com/tos-alisg-p-0037/o0ReIQIGrReGEwQCPgnrJewQ80LHmWA1B5FflA~tplv-tiktokx-cropcenter-comet-q:300:400:q72.jpeg?dr=12266&refresh_token=a3fc470c&x-expires=1758546000&x-signature=I31uRiSsa54cLA4iCVfdVkog9ew%3D&t=bacd0480&ps=933b5bde&shp=d05b14bd&shcp=132edbea&idc=no1a&biz_tag=tt_video&s=PUBLISH&sc=cover\", \"music_title\": \"original sound - thegrill.lb\", \"music_author\": \"THE GRILL\"}, {\"aweme_id\": \"7507654456629120257\", \"desc\": \"🌶️ The Chili Chicken Burger — hands down the best chili burger in Tripoli, Lebanon! 🍔🔥 Spicy, juicy, and packed with bold flavor. One bite and you're hooked! 📍 The Grill – Dam Wel Farez, behind Kasr El Adel 📲 Order now on WhatsApp: 79 317 932 #ChiliBurgerTripoli\", \"create_time\": 1748012025, \"video_duration\": 16467, \"like_count\": 65, \"comment_count\": 1, \"share_count\": 2, \"play_count\": 2034, \"collect_count\": 4, \"author_uid\": \"6996225139806487553\", \"author_unique_id\": \"thegrill.lb\", \"video_url\": \"https://v15m.tiktokcdn-eu.com/f00457f2eeeb9d812556dfa5b707425a/68d14b27/video/tos/alisg/tos-alisg-pve-0037/oA1wX0GriO9EAi7ABQuIqwAjSzBGA3B2BEAfKB/?a=1233&bti=M0BzMzU8OGYpNzo5Zi5wIzEuLjpkNDQwOg%3D%3D&ch=0&cr=13&dr=0&er=0&lr=all&net=0&cd=0%7C0%7C0%7C&cv=1&br=1648&bt=824&cs=0&ds=6&ft=XsFbEqT0mI2PD12fIAJT3wUZnc2SjeF~O5&mime_type=video_mp4&qs=4&rc=OjhpNzVnNzdmOjNmOjo7ZEBpajRua3A5cnM7MzMzODgzNEA2NDVhMS42NTExLmE2NF9eYSNvL2ppMmRza2xhLS1kL2Bzcw%3D%3D&vvpl=1&l=20250921131150EBF1EDBF7BA4B40E3A1F&btag=e000b8000\", \"cover_url\": \"https://p16-sign-sg.tiktokcdn.com/tos-alisg-p-0037/oEWoeUvqJAbtDV4hgIFuMFcDnfNDC9IEBCBZhQ~tplv-tiktokx-cropcenter-comet-q:300:400:q72.jpeg?dr=12266&refresh_token=1954c2b5&x-expires=1758546000&x-signature=%2BLCS6HMsEnec2OnNlZEvmi%2Bjplk%3D&t=bacd0480&ps=933b5bde&shp=d05b14bd&shcp=132edbea&idc=no1a&biz_tag=tt_video&s=PUBLISH&sc=cover\", \"music_title\": \"original sound - thegrill.lb\", \"music_author\": \"THE GRILL\"}, {\"aweme_id\": \"7506524499886624020\", \"desc\": \"🍔 Mini Burger Box – Big Flavor in Every Bite! Get 15 mini burgers, crispy fries, and 3 delicious sauces — all in one box for the ultimate feast! 🔥 Perfect for sharing... or not 😉 📍 The Grill – Dam Wel Farez, behind Kaser El Adel 📲 Order now on WhatsApp: 79 317 932 #MiniBurgerBox #BurgerTripoli #TripoliLebanonFood\", \"create_time\": 1747748942, \"video_duration\": 17267, \"like_count\": 44, \"comment_count\": 0, \"share_count\": 2, \"play_count\": 1195, \"collect_count\": 5, \"author_uid\": \"6996225139806487553\", \"author_unique_id\": \"thegrill.lb\", \"video_url\": \"https://v15m.tiktokcdn-eu.com/0e7f1261166e337c49b0c69eeb366ef8/68d14b28/video/tos/alisg/tos-alisg-pve-0037/o0msgsgUQErzfaDBIEoCZDKBLIdDcBRfgAQFpV/?a=1233&bti=M0BzMzU8OGYpNzo5Zi5wIzEuLjpkNDQwOg%3D%3D&ch=0&cr=13&dr=0&er=0&lr=all&net=0&cd=0%7C0%7C0%7C&cv=1&br=1554&bt=777&cs=0&ds=6&ft=XsFbEqT0mI2PD12fIAJT3wUZnc2SjeF~O5&mime_type=video_mp4&qs=4&rc=OjxoODM7Zzo1ZjdpOjxnaUBpM285M3A5cmU7MzMzODgzNEAuNGJiLS81XzYxXzFfNF4xYSNpLmMxMmQ0ZGphLS1kL2Bzcw%3D%3D&vvpl=1&l=20250921131150EBF1EDBF7BA4B40E3A1F&btag=e000b8000\", \"cover_url\": \"https://p16-sign-sg.tiktokcdn.com/tos-alisg-p-0037/oYyHAXM1EiAsgkBqLgIiDALIlBaiYF1BP5IC2~tplv-tiktokx-cropcenter-comet-q:300:400:q72.jpeg?dr=12266&refresh_token=84a73aec&x-expires=1758546000&x-signature=zKiBAVISYaXvz7JuKzjTPfF%2FmLo%3D&t=bacd0480&ps=933b5bde&shp=d05b14bd&shcp=132edbea&idc=no1a&s=PUBLISH&sc=cover&biz_tag=tt_video\", \"music_title\": \"original sound - thegrill.lb\", \"music_author\": \"THE GRILL\"}, {\"aweme_id\": \"7505796868027321618\", \"desc\": \"🔥 The Grill — your go-to spot for the best burgers in Tripoli, Lebanon! 🍔 Juicy, crispy, and packed with flavor. When it comes to burgers, we don’t play. 📍 Dam Wel Farez, behind Kaser El Adel 📲 Order now on WhatsApp: 79 317 932\", \"create_time\": 1747579520, \"video_duration\": 8434, \"like_count\": 22, \"comment_count\": 1, \"share_count\": 1, \"play_count\": 657, \"collect_count\": 1, \"author_uid\": \"6996225139806487553\", \"author_unique_id\": \"thegrill.lb\", \"video_url\": \"https://v15m.tiktokcdn-eu.com/880fd9ce5b68a7764abe5b3fd897a180/68d14b1f/video/tos/alisg/tos-alisg-pve-0037/ogogJkYsQENSjtcDf8QEpDoCUIWBo0efAAiFgr/?a=1233&bti=M0BzMzU8OGYpNzo5Zi5wIzEuLjpkNDQwOg%3D%3D&ch=0&cr=13&dr=0&er=0&lr=all&net=0&cd=0%7C0%7C0%7C&br=1484&bt=742&cs=0&ds=6&ft=XsFbEqT0mI2PD12fIAJT3wUZnc2SjeF~O5&mime_type=video_mp4&qs=4&rc=NzlpOzlpOmhmM2k8NjwzOUBpMzk4amw5cnJ5MzMzODgzNEA2MzZjNV4yNS8xX15hNS4uYSNvaDI1MmQ0MWhhLS1kLzFzcw%3D%3D&vvpl=1&l=20250921131150EBF1EDBF7BA4B40E3A1F&btag=e000b0000\", \"cover_url\": \"https://p16-sign-sg.tiktokcdn.com/tos-alisg-p-0037/oIp2wYindA5nyyBAiVMCP8aYAAQBGIpPjElaR~tplv-tiktokx-cropcenter-comet-q:300:400:q72.jpeg?dr=12266&refresh_token=62462ad1&x-expires=1758546000&x-signature=09BTmHllwCCWdlScMUJ4BM8iktA%3D&t=bacd0480&ps=933b5bde&shp=d05b14bd&shcp=132edbea&idc=no1a&s=PUBLISH&sc=cover&biz_tag=tt_video\", \"music_title\": \"original sound - thegrill.lb\", \"music_author\": \"THE GRILL\"}, {\"aweme_id\": \"7505041143516695816\", \"desc\": \"🔥 When the crispy hits just right... you have to fight for it! 🍗 Our crispy chicken strip is so good, it's tearing friendships in half 😅 The crunch Tripoli, Lebanon can’t get enough of! 📍 Dam Wel Farez, behind Kaser El Adel 📲 Grab yours before it's gone – WhatsApp 79 317 932\", \"create_time\": 1747403562, \"video_duration\": 9467, \"like_count\": 47, \"comment_count\": 2, \"share_count\": 3, \"play_count\": 1158, \"collect_count\": 3, \"author_uid\": \"6996225139806487553\", \"author_unique_id\": \"thegrill.lb\", \"video_url\": \"https://v15m.tiktokcdn-eu.com/ce23aacbe9760fa3a6eed18fbd5ae575/68d14b20/video/tos/alisg/tos-alisg-pve-0037/oILnm72gnAeDG0faItfMBWhFQROeI2DpJoIAQG/?a=1233&bti=M0BzMzU8OGYpNzo5Zi5wIzEuLjpkNDQwOg%3D%3D&ch=0&cr=13&dr=0&er=0&lr=all&net=0&cd=0%7C0%7C0%7C&cv=1&br=1456&bt=728&cs=0&ds=6&ft=XsFbEqT0mI2PD12fIAJT3wUZnc2SjeF~O5&mime_type=video_mp4&qs=4&rc=aWllOGk1N2dnPDNpaWVnZkBpM3Q5NnU5cnltMzMzODgzNEA1Ni8tMGEwNjUxLjY2YTI1YSMvMHBhMmRzMWdhLS1kLzFzcw%3D%3D&vvpl=1&l=20250921131150EBF1EDBF7BA4B40E3A1F&btag=e000b0000\", \"cover_url\": \"https://p16-sign-sg.tiktokcdn.com/tos-alisg-p-0037/oMCEBf2gBi9KIUQ4rA0wiBZnEuK6AA20AAHAv8~tplv-tiktokx-cropcenter-comet-q:300:400:q72.jpeg?dr=12266&refresh_token=6131f23d&x-expires=1758546000&x-signature=i5bm%2B7izQVEmnoT8vZJLZIDgqPI%3D&t=bacd0480&ps=933b5bde&shp=d05b14bd&shcp=132edbea&idc=no1a&biz_tag=tt_video&s=PUBLISH&sc=cover\", \"music_title\": \"original sound - thegrill.lb\", \"music_author\": \"THE GRILL\"}, {\"aweme_id\": \"7504304123269893394\", \"desc\": \"🍔 Meet the Crispy Burger — golden crunch outside, juicy flavor inside! 🔥 A must-try for every burger lover in Tripoli, Lebanon. One bite, and you’ll know why it’s a fan favorite! 📍 Dam Wel Farez, behind Kaser El Adel 📲 Order now on WhatsApp: 79 317 932 #CrispyBurgerTripoli #BurgerTripoli\", \"create_time\": 1747231963, \"video_duration\": 12334, \"like_count\": 767, \"comment_count\": 1, \"share_count\": 7, \"play_count\": 31018, \"collect_count\": 19, \"author_uid\": \"6996225139806487553\", \"author_unique_id\": \"thegrill.lb\", \"video_url\": \"https://v15m.tiktokcdn-eu.com/4d67b1831d3da79d839854d67ad99d53/68d14b23/video/tos/alisg/tos-alisg-pve-0037/o0TpOQBZ0UA6dnIkA7iiwJBZBEAKmSXEIxfaql/?a=1233&bti=M0BzMzU8OGYpNzo5Zi5wIzEuLjpkNDQwOg%3D%3D&ch=0&cr=13&dr=0&er=0&lr=all&net=0&cd=0%7C0%7C0%7C&cv=1&br=1812&bt=906&cs=0&ds=6&ft=XsFbEqT0mI2PD12fIAJT3wUZnc2SjeF~O5&mime_type=video_mp4&qs=4&rc=Njk0ZTs2MzdnNzhoOTM7ZUBpajo0bnU5cmZkMzMzODgzNEAtMV8vMDJhXjIxNGBiNC0uYSNgaW1sMmRzNmZhLS1kLzFzcw%3D%3D&vvpl=1&l=20250921131150EBF1EDBF7BA4B40E3A1F&btag=e000b0000\", \"cover_url\": \"https://p16-sign-sg.tiktokcdn.com/tos-alisg-p-0037/oc0vlAmNEA8CkIkNiIYAh8apBlEAUA1JJiAAS~tplv-tiktokx-cropcenter-comet-q:300:400:q72.jpeg?dr=12266&refresh_token=8614fc11&x-expires=1758546000&x-signature=CviaSL%2BUxGr4siG17Eccl16%2F7OE%3D&t=bacd0480&ps=933b5bde&shp=d05b14bd&shcp=132edbea&idc=no1a&biz_tag=tt_video&s=PUBLISH&sc=cover\", \"music_title\": \"original sound - thegrill.lb\", \"music_author\": \"THE GRILL\"}]}, \"engagementRate\": 1.43, \"raw_data\": {\"uid\": \"7273239175243531307\", \"short_id\": \"0\", \"nickname\": \"Hasan\", \"gender\": 0, \"signature\": \"Documenting things\", \"avatar_larger\": {\"uri\": \"tos-maliva-avt-0068/778662af9dcae30a90bc8ec8658bfa02\", \"url_list\": [\"https://p16-sign-va.tiktokcdn.com/tos-maliva-avt-0068/778662af9dcae30a90bc8ec8658bfa02~tplv-tiktokx-cropcenter-q:1080:1080:q70.webp?dr=9608&idc=no1a&ps=87d6e48a&refresh_token=82719ec1&s=SEARCH&sc=avatar&shcp=c1333099&shp=d05b14bd&t=223449c4&x-expires=1758546000&x-signature=tWgtD0UHAgJxtdlK%2Bijq3FloWx4%3D\", \"https://p16-sign-va.tiktokcdn.com/tos-maliva-avt-0068/778662af9dcae30a90bc8ec8658bfa02~tplv-tiktokx-cropcenter-q:1080:1080:q70.jpeg?dr=9608&idc=no1a&ps=87d6e48a&refresh_token=891049f0&s=SEARCH&sc=avatar&shcp=c1333099&shp=d05b14bd&t=223449c4&x-expires=1758546000&x-signature=NuCmUpcb2fTX4aCh%2Fuy9arkT%2BK8%3D\"], \"width\": 720, \"height\": 720, \"data_size\": 0, \"url_prefix\": null}, \"avatar_thumb\": {\"uri\": \"tos-maliva-avt-0068/778662af9dcae30a90bc8ec8658bfa02\", \"url_list\": [\"https://p16-sign-va.tiktokcdn.com/tos-maliva-avt-0068/778662af9dcae30a90bc8ec8658bfa02~tplv-tiktokx-cropcenter-q:100:100:q70.webp?biz_tag=musically_video.video_user_cover&dr=9606&idc=no1a&ps=87d6e48a&refresh_token=2f70c6a3&s=SEARCH&sc=avatar&shcp=c1333099&shp=d05b14bd&t=223449c4&x-expires=1758546000&x-signature=2STg6u7C%2FICNpKJuYDQq2dTTi7A%3D\", \"https://p16-sign-va.tiktokcdn.com/tos-maliva-avt-0068/778662af9dcae30a90bc8ec8658bfa02~tplv-tiktokx-cropcenter-q:100:100:q70.jpeg?biz_tag=musically_video.video_user_cover&dr=9606&idc=no1a&ps=87d6e48a&refresh_token=7347dc46&s=SEARCH&sc=avatar&shcp=c1333099&shp=d05b14bd&t=223449c4&x-expires=1758546000&x-signature=nRoHHYXRQpga2jmUcI3SEssE4qg%3D\"], \"width\": 720, \"height\": 720, \"data_size\": 0, \"url_prefix\": null}, \"avatar_medium\": {\"uri\": \"tos-maliva-avt-0068/778662af9dcae30a90bc8ec8658bfa02\", \"url_list\": [\"https://p16-sign-va.tiktokcdn.com/tos-maliva-avt-0068/778662af9dcae30a90bc8ec8658bfa02~tplv-tiktokx-cropcenter-q:720:720:q70.webp?dr=9607&idc=no1a&ps=87d6e48a&refresh_token=f8e2cf34&s=SEARCH&sc=avatar&shcp=c1333099&shp=d05b14bd&t=223449c4&x-expires=1758546000&x-signature=UaZTTfiQKNt9CYaMTTbWL9cD72c%3D\", \"https://p16-sign-va.tiktokcdn.com/tos-maliva-avt-0068/778662af9dcae30a90bc8ec8658bfa02~tplv-tiktokx-cropcenter-q:720:720:q70.jpeg?dr=9607&idc=no1a&ps=87d6e48a&refresh_token=4b025477&s=SEARCH&sc=avatar&shcp=c1333099&shp=d05b14bd&t=223449c4&x-expires=1758546000&x-signature=xhzrkrHhF7j2F00draHBoNbtu4M%3D\"], \"width\": 720, \"height\": 720, \"data_size\": 0, \"url_prefix\": null}, \"birthday\": \"1900-01-01\", \"follow_status\": 0, \"aweme_count\": 0, \"following_count\": 5, \"follower_count\": 8077, \"favoriting_count\": 0, \"total_favorited\": 0, \"is_block\": false, \"hide_search\": false, \"custom_verify\": \"\", \"unique_id\": \"hasan.docs\", \"bind_phone\": \"\", \"special_lock\": 1, \"need_recommend\": 0, \"has_facebook_token\": false, \"has_twitter_token\": false, \"fb_expire_time\": 0, \"tw_expire_time\": 0, \"has_youtube_token\": false, \"youtube_expire_time\": 0, \"room_id\": 0, \"live_verify\": 0, \"authority_status\": 0, \"verify_info\": \"\", \"shield_follow_notice\": 0, \"shield_digg_notice\": 0, \"shield_comment_notice\": 0, \"share_info\": {\"share_url\": \"\", \"share_weibo_desc\": \"\", \"share_desc\": \"\", \"share_title\": \"\", \"share_qrcode_url\": {\"uri\": \"\", \"url_list\": [], \"width\": 720, \"height\": 720, \"url_prefix\": null}, \"share_title_myself\": \"\", \"share_title_other\": \"\", \"share_desc_info\": \"\", \"now_invitation_card_image_urls\": null}, \"with_commerce_entry\": false, \"verification_type\": 1, \"enterprise_verify_reason\": \"\", \"is_ad_fake\": false, \"followers_detail\": null, \"region\": \"US\", \"account_region\": \"\", \"commerce_user_level\": 0, \"live_agreement\": 0, \"platform_sync_info\": null, \"with_shop_entry\": false, \"is_discipline_member\": false, \"secret\": 0, \"has_orders\": false, \"prevent_download\": false, \"show_image_bubble\": false, \"geofencing\": [], \"unique_id_modify_time\": 1758460298, \"video_icon\": {\"uri\": \"\", \"url_list\": [], \"width\": 720, \"height\": 720, \"url_prefix\": null}, \"ins_id\": \"\", \"google_account\": \"\", \"youtube_channel_id\": \"\", \"youtube_channel_title\": \"\", \"apple_account\": 0, \"with_fusion_shop_entry\": false, \"is_phone_binded\": false, \"accept_private_policy\": false, \"twitter_id\": \"\", \"twitter_name\": \"\", \"user_canceled\": false, \"has_email\": false, \"live_agreement_time\": 0, \"status\": 1, \"create_time\": 0, \"avatar_uri\": \"tos-maliva-avt-0068/778662af9dcae30a90bc8ec8658bfa02\", \"follower_status\": 0, \"comment_setting\": 0, \"duet_setting\": 0, \"reflow_page_gid\": 0, \"reflow_page_uid\": 0, \"user_rate\": 1, \"download_setting\": 0, \"download_prompt_ts\": 0, \"react_setting\": 0, \"live_commerce\": false, \"cover_url\": [{\"uri\": \"tiktok-obj/1613727517271041\", \"url_list\": [\"https://p16-sg.tiktokcdn.com/tiktok-obj/1613727517271041~tplv-tiktokx-origin.image?dr=10423&t=4d5b0474&ps=933b5bde&shp=d05b14bd&shcp=34ff8df6&idc=no1a\", \"https://p16-sg.tiktokcdn.com/tiktok-obj/1613727517271041~tplv-tiktokx-origin.jpeg?dr=10423&t=4d5b0474&ps=933b5bde&shp=d05b14bd&shcp=34ff8df6&idc=no1a\"], \"width\": 720, \"height\": 720, \"url_prefix\": null}], \"language\": \"en\", \"has_insights\": false, \"share_qrcode_uri\": \"\", \"item_list\": null, \"user_mode\": 1, \"user_period\": 0, \"is_star\": false, \"cv_level\": \"\", \"type_label\": null, \"ad_cover_url\": null, \"comment_filter_status\": 0, \"avatar_168x168\": {\"uri\": \"tos-maliva-avt-0068/778662af9dcae30a90bc8ec8658bfa02\", \"url_list\": [\"https://p16-sign-va.tiktokcdn.com/tos-maliva-avt-0068/778662af9dcae30a90bc8ec8658bfa02~tplv-tiktokx-cropcenter-q:168:168:q70.webp?dr=9604&idc=no1a&ps=87d6e48a&refresh_token=b54bf73d&s=SEARCH&sc=avatar&shcp=c1333099&shp=d05b14bd&t=223449c4&x-expires=1758546000&x-signature=63YtXc4J5Q5BpQKdLkj5Fjx0Tj8%3D\", \"https://p16-sign-va.tiktokcdn.com/tos-maliva-avt-0068/778662af9dcae30a90bc8ec8658bfa02~tplv-tiktokx-cropcenter-q:168:168:q70.jpeg?dr=9604&idc=no1a&ps=87d6e48a&refresh_token=61be8cb2&s=SEARCH&sc=avatar&shcp=c1333099&shp=d05b14bd&t=223449c4&x-expires=1758546000&x-signature=lwcjbPPyZjK%2Bigq3ogShrRhLrFI%3D\"], \"width\": 720, \"height\": 720, \"data_size\": 0, \"url_prefix\": null}, \"avatar_300x300\": {\"uri\": \"tos-maliva-avt-0068/778662af9dcae30a90bc8ec8658bfa02\", \"url_list\": [\"https://p16-sign-va.tiktokcdn.com/tos-maliva-avt-0068/778662af9dcae30a90bc8ec8658bfa02~tplv-tiktokx-cropcenter-q:300:300:q70.webp?dr=9605&idc=no1a&ps=87d6e48a&refresh_token=2d879b9a&s=SEARCH&sc=avatar&shcp=c1333099&shp=d05b14bd&t=223449c4&x-expires=1758546000&x-signature=Gb27ZZqhKxP4eipoaAo6fTBDegs%3D\", \"https://p16-sign-va.tiktokcdn.com/tos-maliva-avt-0068/778662af9dcae30a90bc8ec8658bfa02~tplv-tiktokx-cropcenter-q:300:300:q70.jpeg?dr=9605&idc=no1a&ps=87d6e48a&refresh_token=f1e15524&s=SEARCH&sc=avatar&shcp=c1333099&shp=d05b14bd&t=223449c4&x-expires=1758546000&x-signature=W7%2BtoZBIsWL8bnh3PTasZ8ZhqMM%3D\"], \"width\": 720, \"height\": 720, \"data_size\": 0, \"url_prefix\": null}, \"relative_users\": null, \"cha_list\": null, \"sec_uid\": \"MS4wLjABAAAAt7xypbDxlC7TYwEgYWCBo8HQxtYzYHHcGZVICKDGCkqnVLKk8I7VyQEn7f-nxnuB\", \"need_points\": null, \"name_field\": \"nickname\", \"homepage_bottom_toast\": null, \"can_set_geofencing\": null, \"white_cover_url\": null, \"user_tags\": null, \"stitch_setting\": 0, \"bold_fields\": null, \"search_user_name\": \"Hasan\", \"search_user_desc\": \"hasan.docs\", \"search_highlight\": null, \"mutual_relation_avatars\": null, \"events\": null, \"advance_feature_item_order\": null, \"mention_status\": 1, \"special_account\": {\"special_account_list\": null}, \"advanced_feature_info\": null, \"user_profile_guide\": null, \"shield_edit_field_info\": null, \"friends_status\": 0, \"can_message_follow_status_list\": null, \"account_labels\": null, \"fake_data_info\": {}, \"is_mute\": 0, \"reply_with_video_flag\": 4, \"user_spark_info\": {}, \"is_mute_non_story_post\": 0, \"is_mute_story\": 0, \"is_mute_lives\": 0, \"enabled_filter_all_comments\": false}}",
        "rate_per_post": null,
        "rate_per_reel": null,
        "rate_per_story": null,
        "engagement_rate": null,
        "content_categories": null,
        "audience_demographics": null
      }
    ],
    "limit": 1,
    "total": 76,
    "offset": 0
  },
  "status": "success",
  "message": "Creators fetched successfully"
}
