{
  "id": "1442803047",
  "username": "tasty.mina",
  "bio": "Another Tasty Plate From Tasty♨\nMon-Sun 10:00 AM till 12:00 AM \n06 612 909📞 @tasty.mina",
  "links": ["https://emenus.net/TASTY.LB"],
  "fb_link": null,
  "full_name": "TASTY Restaurant🍴🍷",
  "followers": 17512,
  "following": 1193,
  "category": "Fast food restaurant",
  "is_verified": false,
  "posts": {
    "count": 54,
    "edges": [
      {
        "id": "3651882859103296393",
        "shortcode": "DKuGByiMJuJ",
        "is_video": false,
        "caption": "Steak mushroom #tasty #mina #tripoli #lebanon #steak #steakmushroom #lunch #dinner #foodlover #foodporn",
        "taken_at_timestamp": 1749558382,
        "display_url": "https://instagram.fyto1-1.fna.fbcdn.net/v/t51.2885-15/504491887_18511026271051048_2245790898931236153_n.jpg?stp=dst-jpg_e35_p1080x1080_sh0.08_tt6&_nc_ht=instagram.fyto1-1.fna.fbcdn.net&_nc_cat=104&_nc_oc=Q6cZ2QF96kfdLpY3U_L339gV2J5crnuSFEXB_VOdu_TV8riRfC4HF3_VUi_bq6WZqEXb8v4&_nc_ohc=vDaCRX72DFoQ7kNvwGA_HLR&_nc_gid=MC-H39pkDdH6sWCBP5hxJw&edm=AOQ1c0wBAAAA&ccb=7-5&oh=00_AfY9G2_wSSI9kavlWVl4fyncHfZ3bHZuSfWUsfOVqnbyXQ&oe=68CC803C&_nc_sid=8b3546",
        "video_url": null,
        "video_view_count": 0,
        "like_count": 18,
        "comment_count": 0,
        "owner_username": "tasty.mina",
        "thumbnail_src": "https://instagram.fyto1-1.fna.fbcdn.net/v/t51.2885-15/504491887_18511026271051048_2245790898931236153_n.jpg?stp=c0.239.1440.1440a_dst-jpg_e35_s640x640_sh0.08_tt6&_nc_ht=instagram.fyto1-1.fna.fbcdn.net&_nc_cat=104&_nc_oc=Q6cZ2QF96kfdLpY3U_L339gV2J5crnuSFEXB_VOdu_TV8riRfC4HF3_VUi_bq6WZqEXb8v4&_nc_ohc=vDaCRX72DFoQ7kNvwGA_HLR&_nc_gid=MC-H39pkDdH6sWCBP5hxJw&edm=AOQ1c0wBAAAA&ccb=7-5&oh=00_AfYNxI0QJZFmk4XuqMPRIBwOB46BqS2OzMFy1kSZEQytTQ&oe=68CC803C&_nc_sid=8b3546",
        "product_type": "",
        "song_name": null,
        "artist_name": null
      }
    ]
  },
  "engagementRate": 0.1
}
