{
  "uid": "7367453506469037089",
  "unique_id": "moreofraphaelsark",
  "nickname": "moreofraphaelsark",
  "signature": "I call this my DUMB ACCOUNT \nMain acc : @raphael sark\n⚠️ unfiltered ⚠️",
  "follower_count": 26920,
  "following_count": 32,
  "total_favorited": 0,
  "aweme_count": 0,
  "region": "LB",
  "birthday": "1900-01-01",
  "verification_type": 1,
  "is_verified": true,
  "avatar_url": "https://p19-common-sign-useastred.tiktokcdn-eu.com/tos-useast2a-avt-0068-euttp/141d6500dc38660e671800d4e86768ec~tplv-tiktokx-cropcenter-q:1080:1080:q70.webp?dr=9608&idc=no1a&ps=87d6e48a&refresh_token=a462ff53&s=SEARCH&sc=avatar&shcp=c1333099&shp=d05b14bd&t=223449c4&x-expires=1758546000&x-signature=jTE6doM2uoSVd9CsfdnJe4RXYm0%3D",
  "videos": {
    "count": 10,
    "videos": [
      {
        "aweme_id": "7551115152985246983",
        "desc": "جوانحنا ما بتخلص نكهات 🍗🔥 🍯أي طعمة بتختار اليوم؟  الزاهرية ساحة الغرباء مقابل للحديقة العامة 📍  76892035 📞   #yummy #tripoli #drfood  #fast_food #wings ",
        "create_time": 1758131007,
        "video_duration": 0,
        "like_count": 0,
        "comment_count": 0,
        "share_count": 0,
        "play_count": 0,
        "collect_count": 0,
        "author_uid": "",
        "author_unique_id": "",
        "video_url": null,
        "cover_url": null,
        "music_title": null,
        "music_author": null
      }
    ]
  },
  "engagementRate": 0.0
}
